{"indexes":[{"v":{"$numberInt":"2"},"key":{"_id":{"$numberInt":"1"}},"name":"_id_"},{"v":{"$numberInt":"2"},"key":{"name.en":{"$numberInt":"1"}},"name":"name.en_1","background":true},{"v":{"$numberInt":"2"},"key":{"name.ar":{"$numberInt":"1"}},"name":"name.ar_1","background":true},{"v":{"$numberInt":"2"},"key":{"category":{"$numberInt":"1"}},"name":"category_1","background":true},{"v":{"$numberInt":"2"},"key":{"subCategory":{"$numberInt":"1"}},"name":"subCategory_1","background":true},{"v":{"$numberInt":"2"},"key":{"brand":{"$numberInt":"1"}},"name":"brand_1","background":true},{"v":{"$numberInt":"2"},"key":{"price":{"$numberInt":"1"}},"name":"price_1","background":true},{"v":{"$numberInt":"2"},"key":{"variations.sku":{"$numberInt":"1"}},"name":"variations.sku_1","background":true,"unique":true,"sparse":true},{"v":{"$numberInt":"2"},"key":{"variants.sku":{"$numberInt":"1"}},"name":"variants.sku_1","background":true,"unique":true,"sparse":true},{"v":{"$numberInt":"2"},"key":{"variations.skus.sku":{"$numberInt":"1"}},"name":"variations.skus.sku_1","background":true,"unique":true,"sparse":true},{"v":{"$numberInt":"2"},"key":{"variations.options.skus.sku":{"$numberInt":"1"}},"name":"variations.options.skus.sku_1","background":true,"unique":true,"sparse":true}],"uuid":"28ea516efbee4fd4be5f0acfc394b283","collectionName":"products","type":"collection"}