{"indexes":[{"v":{"$numberInt":"2"},"key":{"_id":{"$numberInt":"1"}},"name":"_id_"},{"v":{"$numberInt":"2"},"key":{"name":{"$numberInt":"1"}},"name":"name_1","background":true,"unique":true},{"v":{"$numberInt":"2"},"key":{"name.en":{"$numberInt":"1"}},"name":"name.en_1","background":true,"unique":true},{"v":{"$numberInt":"2"},"key":{"name.ar":{"$numberInt":"1"}},"name":"name.ar_1","background":true,"unique":true}],"uuid":"334eb33d6d184543acf40de289f1650d","collectionName":"categories","type":"collection"}